{"cameraMode":{"drawMode":0,"name":"Shaded","section":"Shading Mode"},"sceneLighting":false,"audioPlay":false,"sceneViewState":{"showFog":true,"showMaterialUpdate":false,"showSkybox":false,"showFlares":true,"showImageEffects":true,"showParticleSystems":true},"in2DMode":false,"pivot":{"x":0.0,"y":-0.36399999260902407,"z":0.4909999966621399},"rotation":{"x":-0.07610604912042618,"y":-0.6063190698623657,"z":0.056761905550956729,"w":-0.7895335555076599},"size":1.0064159631729127,"orthographic":false}