{"cameraMode":{"drawMode":0,"name":"Shaded","section":"Shading Mode"},"sceneLighting":true,"audioPlay":false,"sceneViewState":{"showFog":true,"showMaterialUpdate":false,"showSkybox":true,"showFlares":true,"showImageEffects":true,"showParticleSystems":true},"in2DMode":false,"pivot":{"x":0.3211822211742401,"y":2.267307996749878,"z":0.3899509310722351},"rotation":{"x":-0.09658494591712952,"y":-0.48673829436302187,"z":0.05425940454006195,"w":-0.8665024042129517},"size":0.44211435317993166,"orthographic":true}