{"cameraMode":{"drawMode":0,"name":"Shaded","section":"Shading Mode"},"sceneLighting":true,"audioPlay":false,"sceneViewState":{"showFog":true,"showMaterialUpdate":false,"showSkybox":true,"showFlares":true,"showImageEffects":true,"showParticleSystems":true},"in2DMode":false,"pivot":{"x":0.3035666048526764,"y":2.254160165786743,"z":0.3883918523788452},"rotation":{"x":0.044982343912124637,"y":-0.01048918068408966,"z":0.0004723321762867272,"w":0.9989327192306519},"size":3.9450271129608156,"orthographic":false}